Time,Date,Computer Name,User Agent String,IP Address,Source IP,URL,Action,Bytes Sent,Bytes Received
11:17:49,2025-07-22,COMP-936,GZCJ8E,254.233.114.211,41A1AK,7BIRJR,QY4JK,IEJ72E,UX6THX
00:14:09,2025-07-01,COMP-853,S4MT1H,48.217.184.250,4EMOSHJ,HI8Z8,XB9C,FTV7LYIK,4B242
22:33:00,2025-07-28,COMP-537,U2TBIA,174.252.155.12,49XZL,25PU,A9Y5OH,NL6DN,T721A8HRWP
14:46:15,2025-07-12,COMP-915,0BFQZ0BV,79.191.45.106,IUKOMCK,ASACQ,8DEJ1,4PDW7PV0,9IU8L2NZ
08:59:28,2025-07-27,COMP-787,J4UTS,185.102.52.51,EGZIJ39VTR,NZ10U,Z2B48XB,TS90CYXVG,NFZZ
19:14:18,2025-07-02,COMP-532,83N3B,101.32.251.144,E2GSWPM2P,OA4X24,B328I,YTTJIL4LF0,8REUES
08:25:29,2025-07-18,COMP-559,DQC1,187.44.62.186,0NZW5B,7PIN,HBE8J3UYT1,0NUBYZ48B4,MNHI2Q1
02:33:40,2025-07-04,COMP-219,4WMKU4,161.253.239.213,LJQNRAX8S4,25Z8WXBS,O3YOEZ497,GQA9CML2,Z69PD66
06:57:38,2025-07-08,COMP-669,8LSO,11.195.82.4,53EE36I1OQ,7JG9W2K,2ACA8QMLSH,IRO4JNVA4,AUJGWVSW
08:46:54,2025-07-08,COMP-823,PEOVXZY9LK,196.147.176.155,CPZDUTC,POTRU0Y5U2,XL318S9,Z0UNI,1QF0O
04:23:36,2025-07-04,COMP-502,USC1RZP,210.255.114.57,OGKKD5H,M2SMGCKN,PSQ73O0,YH82,8OA3A9
08:09:13,2025-07-07,COMP-563,ZT7AY80,198.219.193.124,EHEWLITUDU,PT4JP9,MQQ2JR,U0H6T3TU,HORK9PZ0
03:09:51,2025-07-21,COMP-364,KYS3,0.176.183.213,JG8HUT,7W1RO1,DBGNEHCJ,NHR4SR6,AW2W
09:48:46,2025-07-03,COMP-834,APZPY,251.158.149.202,Z4J6ABC,NRWNI,GXRSBO1L7,MW7943IYIZ,OJMRPW9T
16:16:01,2025-07-03,COMP-659,FKH5K6OGL,203.124.162.30,YJ2F,4TZZCLCE64,GNSU3,NGYNMT,DF3GN5
14:29:55,2025-07-01,COMP-169,Q0WZ,151.209.175.111,C1MTG0865,K9JCB,ZI9B0O2DG,TPUMAPO2OY,G2HLSO3
11:41:01,2025-07-15,COMP-931,OB8WJGLDG,188.103.253.150,3Z61AF14D,32K2,UUG3QWO,YEOYP6SW,ZIALM3B
19:04:45,2025-07-19,COMP-616,V4INF4,109.70.36.22,LCL1,BLI2681O9D,Z76WVJZLNI,DGY4H2,WCV8Q2MM
03:58:32,2025-07-08,COMP-427,04Z69NH,8.80.214.95,YOY6VQ4N,JMPSL6,Z6XPL,SLEY,2M679EXKAO
10:35:08,2025-07-19,COMP-962,RAMHH110,80.77.240.104,IIIB,VFU34OQS1R,GHH71SYPC,AM2V,FEAFTAY
12:40:51,2025-07-13,COMP-298,FEW14VFZW,137.226.52.140,AXU42BD,E5X7G6C1KX,A8GWXV3,QYQGFRIW,Z9TAR07ERF
03:37:46,2025-07-11,COMP-548,JVB6NTY,254.10.11.226,KTN06W5,YRJU,WC83T8,4LUBNPX0,R8L5T
22:35:18,2025-07-22,COMP-457,8JXVPCO0WY,93.206.43.66,XHON,9DEN2I878F,MHT7BTJ9,3NANLHN6VR,9TLLD8VJUT
22:56:24,2025-07-22,COMP-336,FVEX,28.76.228.16,F24T7MA4E,RQNX,ABYE0,F831WE9H,C0TB2QHLC
01:31:21,2025-07-20,COMP-743,UNPU76T4OY,195.203.41.126,ZEN6K4,GD4TEXGH5,7BTRPGLQ6,A6W3R9,R0KG2HRLF
14:06:05,2025-07-11,COMP-590,NEK9JEM,117.52.44.94,JOC2K5V,6U3CGS65,0WTQYAVG,SW8PD,6OQ3X0
09:37:48,2025-07-14,COMP-436,JYGJX6,57.77.128.35,EAVD1E98,7NZ8Z,5NTX8SKI08,27LKADAJLL,5CRXXBOV
15:35:02,2025-07-26,COMP-118,371A70,33.85.21.174,81KRT6G,KUGAYQ7,WI7VFXPBF5,WREF6M,7T9HP
04:19:08,2025-07-22,COMP-144,WG6TC,128.96.225.218,K464T,V7K8XJUO,C3FCG,RO2R,5BNNF
19:27:27,2025-07-26,COMP-524,JQGI,58.76.50.165,UYUX07UL8,4HVQT,KVVZBU,43PM11T42,B2LJHFFB
05:56:12,2025-07-26,COMP-380,TEW9K,49.39.189.86,4S53R9BUV1,SHHT5,PNOY8KZQ,8GZ686XE35,P5V4IU8
05:56:24,2025-07-18,COMP-843,SESRP5Q80,165.165.167.56,XY58SGKB3,6QG3SA,1AI1D32I,OVB050,IE8MFC
16:50:46,2025-07-02,COMP-816,U8G8BRTU,144.87.183.98,E5U11RZZL,XDYZB7Y,IHJ1S1M,L30D,147U1
10:17:22,2025-07-21,COMP-401,Q90C1K90,210.97.151.134,H8DQ3XH8KQ,H0N2,10NTFSCVLQ,KURU,FQN0UP4UL
15:33:09,2025-07-01,COMP-661,VB4N,92.134.78.216,ANA1,TWGZ2IMH,RPPMRS,DH5TKHPV,9L5VQGH6RN
16:10:13,2025-07-03,COMP-762,FA2TKOEFU6,175.175.91.231,U2PJAE61J,PPJP7JB,05C9EJ,W5WXS,IBOBM
22:39:06,2025-07-23,COMP-795,8EV55366,163.73.169.154,2TTPQHG0,O5ZR2B6E,GMIBCD6,9ZETRK3V,RDIT15WXAT
17:59:01,2025-07-07,COMP-548,7684B30QI,104.173.141.227,GL3Q,G8OA7J5,AH1M79,MMMPO0CW7,SYAPTCVXW
15:40:11,2025-07-01,COMP-296,NZB86QZB2Q,11.193.107.141,3BTOI,ZD592K,MM1EKJLU,DKEGR,R2A8AT
10:06:17,2025-07-27,COMP-199,T8R63CH,109.157.116.207,8DBQNQ,5TF47V1XPQ,NWA6I8D,Z908,RKVHBV0ZNM
17:53:01,2025-07-11,COMP-916,H4KCC3J2,167.114.213.199,3EUJDREB,0TNVUSC91,Y2ICX,XC969Q,3U1U642SQN
17:21:55,2025-07-13,COMP-494,8I30,3.246.72.235,55YN,LJ67RU,1EGZ3YGNX6,D9TN0,2O05R8
02:22:02,2025-07-06,COMP-645,NUVY6,212.119.189.114,O2MOFHSF2,1T3TQ,X9VEI,265HGRBHWR,92O80Z4N
03:41:56,2025-07-07,COMP-242,JVB5J611K,97.130.82.108,MWH2FKVF,KY61BFWNU4,6ZLDZ0,05LM8E4R,NEVH36EOQ
18:52:48,2025-07-02,COMP-407,4GQ4EY2HP,236.63.12.220,8C6UB,4BJ7QIDIZV,JY798K96D,305LX05PW8,7FRP0
12:40:46,2025-07-04,COMP-625,HM3BMG,13.102.171.99,PJQ3VQ92F,ZBB8I8N,7WTI,7GJKOU,J8AMDA
21:42:50,2025-07-17,COMP-796,OAV7HNS,223.219.172.208,EW0KP66OS2,KB2KQP4J9K,3M1OD,GFVUJD5,A8XTMLOU
12:58:44,2025-07-25,COMP-623,8WE3SCJW7,51.200.169.255,LW54T,R6IALA0,T9F3P6TXV1,J3F5A0ZZ,FXKO9O91RO
20:09:17,2025-07-04,COMP-449,9QVLQW2Q24,21.4.65.59,3BTDEWZVB8,3WPP,OEMJM7TDC,3MVJI,JEA1IW
11:38:43,2025-07-03,COMP-262,1X5BX,254.107.11.59,05IU0Z,BDX455,LW7U8Q,M6L8L4NZ,CV0K7SS
23:36:45,2025-07-04,COMP-691,LFZ54RV,53.219.159.32,E8V1GNW,Q73Y,V0YTLWB9YX,RUE6ECXK3D,P0TY1NLY
17:09:25,2025-07-02,COMP-835,PJYOWSALW,181.181.243.88,40BV,EVBWD8,2BYOJ,G9SSI1NDOS,UX1T
20:16:15,2025-07-27,COMP-902,46JXI7QNVO,205.14.100.49,8WSU4U5G,H1QXGQUEK,U7V589,ON9UY,80H6UWYMQ
22:18:10,2025-07-16,COMP-230,M9YCAR63,14.136.202.188,VBDZ,XBB7,J5CFUD,34PV6D,0VBL5C0Z3E
03:21:46,2025-07-18,COMP-311,H000N1,112.187.164.251,P5WLUT,OR6THB1F,QDKYY8Y9,XH01B1T6LR,NSOJAL5Z
06:19:30,2025-07-16,COMP-350,WVSGO,142.107.7.150,OYIKFVSAKB,6M9JOBPE,VJ4TXVIF1W,XGKOLK,UMXWBAH
14:26:27,2025-07-01,COMP-385,Q042URW1JJ,43.175.128.71,122L,8VWW9,740RSWKYI,8MDVWNLQ,SQ8G2
20:52:03,2025-07-26,COMP-548,UCD0B,206.19.212.9,JXV6CF4,U6TU6MOXP3,H3GVA,DZM5XVIH9,CEGVPH
17:38:12,2025-07-28,COMP-902,BKLRWUZEQ,42.146.58.28,YCR5QG2BUL,8SZD30R,I8BE1Q4,40J3M,YKQ5W42
11:20:26,2025-07-13,COMP-566,PNCC3KHV,107.185.51.210,VYBR,0HFEIM07RL,X9RBEA1,JICATKCPO,1XZUX
